video_id,date,time,topic,title,channel,view_count,like_count,comment_count
Vv2ElYrKbfc,11/4/24,12:16:42 AM,conflict/war,The most controversial fumble in the NFL.üò≠üôè #dontletthisflop #nfl #conflict #nflhighlights,practt,612,7,2
h9fp3rpg63o,11/4/24,12:19:01 AM,conflict/war,Conflict in Life is Unavoidable | TWK Reacts #twk #twkreacts #conflict,The Wizard King,501,10,0
XzGTVTHiS0U,11/4/24,1:17:22 AM,election,"#LegionOfSkanks Election 2020 Best Moments w/ Ari Shaffir, Shane Gillis, Dan Soder and MANY More!",Legion of Skanks Clips,115097,1732,271
qiLPDY5zfMk,11/4/24,4:00:25 AM,election,"Georgia election officials defend voting system against barrage of false claims, conspiracy theories",60 Minutes,147100,3652,901
sG2sJJNHOF8,11/4/24,4:06:55 AM,immigration,Delivering Immigrants to Kamala Supporters @SethMeiring,Seth's Prank Circus,613745,29814,333
SCmlLkVqx9A,11/4/24,4:16:25 AM,conflict/war,Israel-Gaza War: Struggles of Palestinian Fishermen in Gaza Amid Ongoing Conflict,India Today Global,538,47,2
jjwrNv31ukc,11/4/24,4:30:11 AM,election,US Election - When will we have an answer? | ABC News,ABC News (Australia),31196,624,0
MGDqv-QnwTQ,11/4/24,5:00:53 AM,election,Momen Menegangkan! Dolar AS Merosot Jelang Pilpres! üòÆ #bestbroker,Dupoin Futures,212,5,0
yu6M2GHUv6I,11/4/24,6:10:22 AM,immigration,"US Elections: Immigration, Unemployment: Big Issues Ahead Of Election Day | WION | World News",WION,3411,33,10
VlqQS6ftpxo,11/4/24,7:00:16 AM,conflict/war,Fort Laramie Treaty #history #nativeamerican #usa #westwardexpansion #goldrush #treaty #conflict,Audiology,543,15,0
tWZAbKU-JzE,11/4/24,7:30:23 AM,election,Election 2024: Last Week Tonight with John Oliver (HBO),LastWeekTonight,4425455,168164,15816
bDWUIuUKoDQ,11/4/24,8:59:28 AM,election,Big Breaking News : ‡§Ø‡•Ç‡§™‡•Ä ‡§â‡§™‡§ö‡•Å‡§®‡§æ‡§µ ‡§ï‡•Ä ‡§§‡§æ‡§∞‡•Ä‡§ñ ‡§¨‡§¶‡§≤‡•Ä | UP By Election 2024 Voting Date Change | CM Yogi,IndiaTV,71119,221,9
XuPYnykVK-k,11/4/24,8:59:59 AM,conflict/war,The Israeli military has reportedly #Israel‚Äã #Iran‚Äã #Iraq‚Äã #Missiles‚Äã #Conflict‚Äã #Middle,Rizvan Mohd Irfan,1609,19,1
f-A94r96CNw,11/4/24,9:00:41 AM,conflict/war,Netanyahu Cancels Trip Amid Drone Attack in Northern Israel #israel #lebanon #conflict #military,The Event Report,449,12,1
fAs4c3lck24,11/4/24,9:59:15 AM,conflict/war,Canada - India relationship conflict  #trending #india #canada #borderissue #conflict,@KnowledgewithDharm,533,13,0
jyHFVQ2ly2g,11/4/24,10:48:16 AM,election,"""‡¥ï‡µΩ‚Äå‡¥™‡¥æ‡¥§‡µç‡¥§‡¥ø ‡¥§‡µá‡¥µ‡¥∞‡µÜ‡¥™‡¥±‡µç‡¥±‡¥ø K Surendran‡¥®‡µç ‡¥é‡¥®‡µç‡¥§‡µç ‡¥Ö‡¥±‡¥ø‡¥Ø‡¥æ‡¥Ç"" : P Sarin | Palakkad By Election | N18S #shorts",News18 Kerala,212439,1866,139
PdNCBS_G5NI,11/4/24,11:15:19 AM,immigration,Orgullo Venezolano: Inmigrante y Defensor de Espa√±a,shortcast,251926,11581,437
hBLQvrtzTAc,11/4/24,11:16:46 AM,election,US election enters final day of campaigning | BBC News,BBC News,266232,1960,1127
KEFVDFtF6ww,11/4/24,11:55:15 AM,immigration,"UK Universities Ratings Out of 10 by Our CEO, Azeem Qasim!",EDIFY GROUP,23749,549,75
gr7cjgbpfz8,11/4/24,12:00:52 PM,conflict/war,What happens to Israel after the US elections? #podcast #conflict #election2024 #stock,Capital Horizons - The Podcast,524,2,0
DZ3mnty2tig,11/4/24,12:05:29 PM,conflict/war,Master Conflict Resolution: The Power of Listening,MindMunchies,578,12,0
1WE0LhTylzM,11/4/24,12:30:01 PM,election,The candidate with the most votes won‚Äôt necessarily win the election. #USElection #BBCNews,BBC News,28751,790,133
hdlhcUdkUQk,11/4/24,2:00:43 PM,election,Election's Best Scenes,Movieclips,29691,330,53
bazoQAMaz4Q,11/4/24,2:24:01 PM,conflict/war,The conflict between father and son #affection #shortsvideo #shorts,Hammrich Delio,4607,207,1
egdwDB7nSuI,11/4/24,3:00:47 PM,immigration,How To Get a USA Visa On a Fresh Passport | USA VISA | USA | USA Visa Appointment | Nile Consultant,Nile Consultant & Immigration Expert,1915,163,8
pu125Foi65Y,11/4/24,3:09:52 PM,election,2024 Presidential Election in 400 Seconds!,Sid Yates,455002,14091,1170
0yDdTzmXVDQ,11/4/24,3:15:00 PM,conflict/war,India vs Canada Short 1 #india #canada #conflict #worldnews #viralshort #sbsa #justintrudeau,SBSA (Step By Step Academy),786,49,2
0W6GMyAhcQk,11/4/24,4:05:49 PM,conflict/war,Taking Responsibility vs. Taking Accountability - Ryan Dunlap #conflict,Conflictish,68105,8464,189
aUKQ5NVpbdc,11/4/24,4:10:40 PM,election,How NBC's Steve Kornacki prepares for a national election #Shorts,USA TODAY,8938,78,5
zHsPj6loNrQ,11/4/24,4:11:38 PM,immigration,"Americans vote on abortion, immigration, marijuana and voting rights | USA TODAY",USA TODAY,22433,30,165
iOZfurhiFy0,11/4/24,4:12:48 PM,conflict/war,Conflict Avoidance Isn‚Äôt Conflict Resolution - Ryan Dunlap,Conflictish,11791,0,36
SzRR3STVTTc,11/4/24,4:57:05 PM,election,The key moments of the US election campaign in three minutes,Guardian News,174539,1277,204
QGDoW91LljI,11/4/24,5:10:15 PM,election,Hussein Mohammed : My manifesto will revolve around three key pillars,KBC Channel 1,47,0,0
yGiyb0habBw,11/4/24,5:30:47 PM,election,What's the Smallest Popular Vote Percentage to Win the Presidency?,Mr. Beat,311526,14702,1427
ZGEoNbGi0uw,11/4/24,5:40:32 PM,election,Gov. Josh Shapiro saysTrump ‚Äúwill not succeed‚Äù at undermining election integrity in Pennsylvania.,NBC News,269348,10473,819
aC6X9fIKjSA,11/4/24,5:42:14 PM,election,"Where Kamala Harris, Donald Trump stand on top election issues",USA TODAY,35076,133,56
CKAOiDspNzQ,11/4/24,5:44:42 PM,election,The real tiger satej /bunty patil kolhapur #satejpatil #kolhapur #vidhansbha #congress #election,Umesh Jadhav,543586,15879,145
9qI0LTmSr38,11/4/24,6:00:04 PM,election,Election Touchscreen Map Takes Deeper Look Inside Key Swing Voter | Onion News Network,The Onion,2780145,163732,4723
MGlyrbSPrKE,11/4/24,6:00:15 PM,immigration,Is Your OPT Still Valid After H1B Approval? #h1b #h1bvisa #immigration,Smart Green Card ,1794,25,1
oJcwnWP3ZOg,11/4/24,6:08:01 PM,election,Key moments from the 2024 US election campaign,Sky News,30995,289,49
xzZKsPb8lTU,11/4/24,6:20:15 PM,immigration,DROPPING ILLEGAL IMMIGRANTS OFF AT RICH LIBERALS HOUSE ü§¨,NELK,4599638,215840,8787
mAHGwQpAE8o,11/4/24,6:35:20 PM,election,2000: The Closest Election in History.,BooneU,563363,15529,946
4YWsRqbiZ9A,11/4/24,6:37:10 PM,election,5 Biggest Election Landslides in United States History,Resyndicated,436023,5013,706
40pkqDNorl0,11/4/24,7:00:02 PM,immigration,How Federal Government Has Increased Illegal Immigration Through Messaging,Federation for American Immigration Reform,688,139,5
o--IZS5Gfak,11/4/24,7:17:17 PM,election,John King breaks down the 2024 race before Election Day,CNN,953151,6773,3234
IQktQvmpjGE,11/4/24,8:02:04 PM,immigration,Choose Wilner & O'Reilly: Salt Lake City's Trusted Immigration Law Firm,WILNER & O'REILLY - IMMIGRATION LAWYERS,902,3,0
NW5TAzcrGhM,11/4/24,8:15:42 PM,conflict/war,Farouk Al-Wahab speaks with Captain Smart on Isreal-Hamas conflict and Bawku Crises,Onua FM 95.1,64212,839,130
bHWMiJEBVBA,11/4/24,8:15:58 PM,immigration,üëÄ Gobernador de Virginia ‚Ä¢ Elecciones 2024 - Inmigrando con Kathia,Abogada de Inmigracion - Kathia Quiros,5853,120,4
5cwgR2snVqY,11/4/24,8:45:00 PM,election,KYLE‚ÄôS ELECTION PREDICTION REVEALED | The Kyle Kulinski Show,Secular Talk,620266,27762,9850
T72yhJNxdXM,11/4/24,8:53:13 PM,election,‚ÄúThey Have WOKE RABIES!‚Äù Trump vs Harris Election Debate GETS PERSONAL!,Piers Morgan Uncensored,742499,13196,11708
Fwqs7MU81qw,11/4/24,9:06:28 PM,election,The original battle rifle M1 Garand #battlefield #callofduty #military #election #m1,Rillos Armory ,130449,3208,32
#NAME?,11/4/24,9:16:33 PM,immigration,"No Extensi√≥n del Parole para Cubanos, Nicarag√ºenses y Haitianos üá®üá∫üá≥üáÆüá≠üáπ #inmigraci√≥n #jesusreyeslaw",Abogado de inmigraci√≥n Jesus Reyes,3734911,73493,3211
h4tKSgXYrj8,11/4/24,9:46:01 PM,election,I Will Vote For Donald Trump,Big A,83056,3012,270
BJkf7e_cZ68,11/4/24,9:55:00 PM,election,What polls say about the 2024 presidential election,Good Morning America,902058,3892,2582
ScmnbLjVu28,11/4/24,10:00:15 PM,election,"Your vote is your voice, and your voice is your power. Let‚Äôs bring it home, Wisconsin.",Kamala Harris,67804,3870,190
__HPCmizGfc,11/4/24,10:15:34 PM,election,Sky polling puts Kamala Harris ahead | US Election 2024,Sky News,31461,167,320
l8t9pP6WhBg,11/4/24,10:30:10 PM,election,Why are swing states so important in the US election? #US #SwingStates #Election #BBCNews,BBC News,52892,1174,77
GCsUQX-U4Rw,11/4/24,10:48:00 PM,election,The Tech Powering NBC News‚Äô Election Coverage,NBCU Academy,13887,418,25
aL-nDkI2VIg,11/4/24,10:59:53 PM,election,Tour NBC News and MSNBC Election Headquarters,NBCU Academy,9114,226,12
UURft52-w4Q,11/4/24,11:00:06 PM,immigration,SHOULD YOU HIRE AN IMMIGRATION ATTORNEY?,Kseniya International,21802,305,47
QFbE-DvcwyM,11/4/24,11:00:18 PM,conflict/war,Eminem: Punchlines and Punches - Comedy in Conflict (New Song),Music and Roll,544,13,1
CzdoQIhhMNw,11/4/24,11:00:26 PM,election,Voter Fraud EXPOSED: Australian Woman ARRESTED for Rigging Election!,De Mar X,950066,17600,8091
dpLD2DmJIcg,11/4/24,11:31:41 PM,election,"Dads on Election Day ""Vote Midwest Nice"" #shorts",Charlie Berens,4307654,244177,3345
T3DrvVfe2EA,11/5/24,12:00:17 AM,election,Megyn Kelly Reveals What Happened on Election Night 2016 When Decision Desk Brought First Results In,Megyn Kelly,598450,36258,585
D_i1BeGRN5w,11/5/24,12:07:07 AM,immigration,What could a Harris presidency mean for your immigration journey in 2024? While there may be,Abhisha Parikh,6560,104,17
FjaMn_gY0IE,11/5/24,12:07:07 AM,immigration,What could a Harris administration mean for immigration policy in 2024? You might want to prepare,Abhisha Parikh,6756,78,35
C-4adOBsTU4,11/5/24,12:49:04 AM,election,How young people in Michigan see the election,NBC News,11463,46,14
5OGYT8OkAVo,11/5/24,12:54:25 AM,election,How to track the presidential race polls on Election Night #shorts,Face the Nation,35511,391,29
r_K3Pg5LhRs,11/5/24,1:00:43 AM,election,The Game Where You Run Your OWN Election!,KamSandwich,235037,8504,754
i81CXpfoVW0,11/5/24,2:08:26 AM,immigration,Green Card Options for Undocumented Immigrants Married to U.S. Citizens } US/NYC Immigration Lawyer,Gehi & Associates - US Immigration Law Firm,5607,66,2
da2xVo7hvPg,11/5/24,2:22:41 AM,election,'F around and find out': Philly DA on election interference,MS NOW,967198,62732,5176
gKUBIV-E-Fc,11/5/24,2:47:12 AM,immigration,Trump's Surprising Immigration Plan: Green Card for College Graduates,Ashoori Law,96460,907,163
Zh_scIUkLQY,11/5/24,3:09:30 AM,election,2024 U.S. Presidential Election now one day away,THV11,43552,556,170
Bdtm0vJtyyU,11/5/24,3:12:28 AM,immigration,Do Not Vote Unless You‚Äôre a US Citizen #immigration #mcbeanlaw,McBean Immigration TV,13648,348,28
mD_wPdINPDI,11/5/24,3:55:03 AM,election,"TUESDAY: Vote For America 2024 Election Coverage on NEWSMAX, 5 PM ET",Newsmax,13502,760,22
PSorQGIQcM4,11/5/24,3:57:58 AM,immigration,Top 5 K1 Fianc√© Visa Interview Questions. #k1 #k1visa #fiancevisa,Dr. Jae Francis Immigration,30924,769,18
QLilxzbKvmY,11/5/24,4:45:29 AM,election,'F around and find out': Philadelphia DA issues stark warning for Election Day,CNN,171225,7296,661
sB7A2nt167Y,11/5/24,5:09:55 AM,election,US Election 2024 | Details About Polling | Trump Vs Kamala Harris | Samaa TV,SAMAA TV,20063,198,33
JLih2WiA7mo,11/5/24,5:19:34 AM,conflict/war,Conflict points & Bengaluru traffic,Bengawalk,17815,1106,23
OT80oyGp4hE,11/5/24,5:52:19 AM,election,ÎØ∏Íµ≠ ÎåÄÌÜµÎ†π ÏÑ†Í±∞Ï†úÎèÑ 1Î∂Ñ ÏöîÏïΩ,ÏÇ¨ÎûåÏÇ¨ÎäîÏÑ∏ÏÉÅÎÖ∏Î¨¥ÌòÑÏû¨Îã® RohMoohyunFoundation,533152,8083,206
dwLSvw3Jjtc,11/5/24,6:53:46 AM,election,Countdown to the 2024 election: Election eve | MSNBC Highlights,MS NOW,755423,8060,1711
1ukcjLa5A2U,11/5/24,7:00:24 AM,conflict/war,‚ú® What is Conflict Analysis and Resolution (CONF) Major? ‚ú®,PACSC Asia,59,3,0
koLj-uxYDLw,11/5/24,8:21:49 AM,immigration,My USA Immigration Process at Abu Dhabi Airport | What Asian Travelers Must Know ! S1.EP.1-2,Travel_with_Rana,2826,15,3
ORwV-4qNGQk,11/5/24,10:27:47 AM,conflict/war,–†–∞–∑–±–æ—Ä –∫–æ–Ω—Ñ–ª–∏–∫—Ç–∞ –§–ë–ö –∏ –ö–∞—Ü–∞,–ê–ª–µ–∫—Å–∞–Ω–¥—Ä –®—Ç–µ—Ñ–∞–Ω–æ–≤,1355194,33945,4399
g8XbxdJjaiQ,11/5/24,1:00:59 PM,immigration,Will the issue of immigration decide the US election? Watch more on @dwnews @DWDocumentary,DW Spotlight,829,11,2
2l0xpqbdVZA,11/5/24,1:21:02 PM,conflict/war,Predicting the Russia-Ukraine war  #podcast #conflict #election2024 #stockmarket #news,Capital Horizons - The Podcast,523,2,0
H23X3JS-P1A,11/5/24,1:47:33 PM,immigration,cambodia work visa cambodia immigration cambodia jobs scan cambodia Complete information Pakistan,Zohaib Atta Samundri,22192,507,59
Zv1SV852rN0,11/5/24,1:55:00 PM,immigration,"Immigrants, did you know about this EASY way to get your marriage based case approved faster? üëÄl",Odunlami Law Firm LLC,29025,638,34
IEKVsLIY3jI,11/5/24,1:57:24 PM,immigration,Exposing the Chandigarh-Mohali Canada Visa Scam,TDOT WAALE PAJI,44804,871,96
9_tXp5sFlHQ,11/5/24,2:00:09 PM,immigration,Japan's Problem with Immigration / Êó•Êú¨„ÅÆÁßªÊ∞ëÂïèÈ°å,Dogen,148512,8322,1818
baxvmStb-rA,11/5/24,2:30:17 PM,conflict/war,Middle East Conflict : Israel-Gaza-Lebanon-Iran Conflict Places in News | UPSC Current Affairs,Sudarshan Gurjar Unacademy,84149,5857,228
jxjN3bbcYGo,11/5/24,2:57:45 PM,conflict/war,‚ùÑÔ∏è Uncover Hidden Causes of Conflict with the Iceberg Model! #resolveconflicts #conflictresolution,The 4 Habits - w/ Dr. Andrea & Jon Taylor-Cummings,141,1,0
U3k-rUgFY7k,11/5/24,3:20:28 PM,immigration,Migrant shelter with children awaits results of U.S. election #shorts,CBS News,2312,62,15
3cr637OxR4s,11/5/24,3:47:36 PM,conflict/war,Lives on the Line: Israel & Palestine Conflict Explained,Do You Know?,560,23,2
q7KukaBig_o,11/5/24,4:15:05 PM,immigration,Georgia voters say the economy & illegal immigration are their top priorities,Fox News,13546,473,85
yYLazvMXn7U,11/5/24,4:30:14 PM,election,How Kamala Harris and Donald Trump's US election campaigns unfolded | BBC News,BBC News,101546,1009,486
10eFCiIVU3Q,11/5/24,4:35:10 PM,election,Oprah‚Äôs dire warning to Americans one day before 2024 #election #politics #news,WCNC,29394,326,244
2v-FVgwcY0U,11/5/24,4:59:14 PM,election,ELECTION DAY!! My Prediction And More,Ben Shapiro,730306,20334,2040
dqhnHgmVTdk,11/5/24,5:30:07 PM,election,When Election Day Polls Close Across the US,Bloomberg News,6615,94,4
ySFj0cIiQVw,11/5/24,6:04:48 PM,election,"Donald Trump says he will concede the #election to Kamala Harris ""if it's a fair election.""",NBC News,158246,3388,487
2o5s4OmE8iM,11/5/24,6:10:19 PM,election,Joe bartolozzi loves Kamala üá∫üá∏üåé#trump #kamalaharris #election #vote #joebartolozzi #joe #fyp,Notta ,32980,1043,392
zBvB6ANaY90,11/5/24,6:10:49 PM,election,Have you cast your vote? üó≥Ô∏è Stream #Election for free on Pluto TV. #election2024 #movies #shorts,Pluto TV,11831,268,2
6tt0s2-zu4w,11/5/24,6:14:29 PM,conflict/war,The danger of the word 'no'! #communication #conflict #communicationskills #directcommunication,Canadian Dream Podcast,445,8,0
6qMhAYYXKZA,11/5/24,6:15:40 PM,election,Cenk Uygur's 2024 Election Prediction,The Young Turks,236339,3803,2883
LyqJaSCG1wQ,11/5/24,6:22:04 PM,conflict/war,#GeorgeGalloway#palestine#israel#Galloway#sinwar#conflict#,Intense politics,3719,216,9
KvTg8d8OhTg,11/5/24,6:31:58 PM,immigration,NOUVEAU PROGRAMME D'IMMIGRATION GRATUIT EN AUSTRALIE üá¶üá∫ AVEC TA FAMILLE,Destination Ailleurs,23925,711,113
TUhibeuef6g,11/5/24,7:00:22 PM,election,US Election 2024 | What will Trump victory do to American universities ? | Breaking News,Geo News,18033,273,9
o3CZZKKuR8Y,11/5/24,7:00:24 PM,conflict/war,Conflict - Good or Bad?,"Juggling Life, Finding Balance",311,2,0
yWOzSXCkOFM,11/5/24,7:28:12 PM,election,#Celebrities Cast Their #Vote for the 2024 #Election #KamalaHarris #DonaldTrump #shorts,The Hollywood Reporter,21350,391,65
A0Uj2K0hlh0,11/5/24,7:30:02 PM,election,"US Election 2024 | Donald Trump's immigration, visa policy in the United States",Geo News,7531,106,0
FDRoQ68bkEA,11/5/24,7:30:04 PM,conflict/war,Blinken Urges Iraq to Avoid Regional Conflict #usa #iraq #conflict #gaza,The Event Report,486,4,0
RGuCJku5pKw,11/5/24,7:44:06 PM,immigration,MAGA Brains Explode as I Explain How Undocumented Immigrants Pay Taxes,Walter Masterson,2405039,57147,15712
_f56uSuNS4c,11/5/24,7:48:40 PM,election,Republican JD Vance casts Election Day ballot | USA TODAY,USA TODAY,24787,256,135
4Oi01SIcnyA,11/5/24,7:56:22 PM,election,How election races are called by the Associated Press,KOMO News,13312,222,35
wLf9mvVGG5Q,11/5/24,8:00:25 PM,election,Trump Says Pennsylvania Vote Count Could Take '2 or 3 Days',Bloomberg News,9481,225,73
q8aky3hWXik,11/5/24,8:00:26 PM,election,"When we vote, we win.",Kamala Harris,170100,8661,973
9y5VpeeJQQw,11/5/24,8:09:05 PM,conflict/war,#JeffreySachs#israel#iraq#palestine#netanyahu#conflict#middleeast,Intense politics,8705,437,31
c-_teZ2dulY,11/5/24,9:00:23 PM,election,"""When the time came to cast our votes...""| ELECTION | MUBI",MUBI,16268,511,6
mViWZGr0WIs,11/5/24,9:00:34 PM,election,"Get out there and vote, America.",Kamala Harris,209062,10791,2108
w5sVL03lLxY,11/5/24,9:00:38 PM,election,Swing State Voters Head to the Polls on Election Day,Bloomberg News,7631,95,6
JP8WiZfOnwc,11/5/24,9:40:14 PM,election,"On Election Day, voters from several key swing states shared who they chose at the poll #Shorts",USA TODAY,8393,214,40
ExeVtOWSyHI,11/5/24,9:52:42 PM,election,Americans head to the polls to vote their next President,K24TV,35,0,0
tICE5uYIKoc,11/5/24,9:56:29 PM,conflict/war,The Deadliest Conflict in History: WWII #facts #history #shortvideo #shortvideo #shorts  #reels,The fact,418,17,1
ZABYs2E85WM,11/5/24,10:03:05 PM,immigration,Trump‚Äôs Immigration Policies Made America Less Safe,The Cato Institute,1165,20,14
8r9NRtUX0Hc,11/5/24,10:22:11 PM,election,America Votes: US election night kicks off on Sky News,Sky News,20040,91,52
vQID5o_Kl1o,11/5/24,10:35:12 PM,election,Trump says he‚Äôll accept losing to Harris if #election is ‚Äòfair‚Äô #politics #news,WCNC,8165,468,14
Ia39C9kOR_o,11/5/24,10:55:00 PM,conflict/war,Facing Conflict with Clarity // Jordan Peterson,ùêâùê®ùê´ùêùùêöùêß ùêèùêûùê≠ùêûùê´ùê¨ùê®ùêß'ùê¨ ùêÇùê®ùê´ùêßùêûùê´,5588,188,0
nSaO8QvEIfk,11/5/24,11:29:34 PM,immigration,Why this Russian immigrant hates illegal immigration,CBS TEXAS,4566,187,40
F9e4yjGyUs8,11/5/24,11:54:32 PM,election,Fox News 'Democracy 24' election night cold open intro,NCS | NewscastStudio,27479,0,13
sAmC9FDX4aE,11/6/24,12:13:38 AM,election,US Election Livestream: America Decides,The Rest Is Politics,1203918,9994,561
aLBUKIliVas,11/6/24,12:25:45 AM,election,Early election night analysis: Harris vs Trump polls,ABC News,563732,2622,1570
nmT2b9iEy40,11/6/24,12:36:39 AM,immigration,Come Legally or Not At All‚Äô: Dominik Tarczy≈Ñski on Poland‚Äôs Stand Against Illegal Migration!,Shocixy,178237,13750,763
hDyqzIZUUb4,11/6/24,12:55:48 AM,election,No Matter Who Is President Jesus Is King ‚úùÔ∏è #shorts #jesus #god,MMA_INF,2968598,189019,7816
ZP-0wlWgqoA,11/6/24,1:01:44 AM,conflict/war,Common Causes of Family Business Conflict. Ep. 1,The Solutionist Group,42,0,0
niRfbp1-nwE,11/6/24,1:16:34 AM,election,"2024 Election: Projections for Ala., Fla., Md., Okla., D.C., Mo., Mass., Tenn.",ABC News,627961,2380,1042
vd-jETMdTWY,11/6/24,1:38:58 AM,election,Don‚Äôt be Larry David #vote #election  #trend#trendingshorts,Factazoid Frenzy,10686,186,6
u9-6G0CaL14,11/6/24,2:00:08 AM,election,80-90% Drip irrigation subsidy üå±#drip #dharani #election #usa #government,Telugu Farmer,67202,1278,10
XoM5Jbtk0bw,11/6/24,2:10:49 AM,immigration,REACTIONS: Should Illegal Immigrants Be Allowed to Vote?,PragerU,17833,1247,60
3WTh39JWw_w,11/6/24,2:30:36 AM,election,Look inside Kamala Harris's election night watch party at Howard University | NBC4 Washington,NBC4 Washington,11344,158,126
NptviYikxDA,11/6/24,2:44:41 AM,election,‡§Ø‡•ã‡§ó‡•Ä ‡§ü‡§ï‡§≤‡§æ ‡§ï‡§æ‡§® ‡§ñ‡•ã‡§≤‡§ï‡§∞ ‡§∏‡•Å‡§®‡•ã/Imtiaz Jaleel/Akbaruddin Owaisi/Yogi/Maharashtra Election/Aam Khas Maidan,Apna Mushaira Media,777075,5703,234
61XbUJsqSf4,11/6/24,4:04:08 AM,election,2024 Election: Donald Trump projected to win Iowa,ABC News,196264,3787,941
FkdLt8N2Tu8,11/6/24,4:05:54 AM,election,Update: Democrats failing to reproduce Biden's 2020 success | US Election 2024,Sky News,162772,702,406
284VFHrO8Nc,11/6/24,4:18:53 AM,election,Tucker Carlson Election Night LIVE From Mar-a-Lago With Special Guests,Tucker Carlson,3484162,115330,4693
rWTL3hYXCv0,11/6/24,4:20:14 AM,election,2024 Election üá∫üá∏ü¶Ö TRUMP vs KAMALAü•öHOSTED BY THE EGGü•ö,steak,170297,6626,723
dGyGOwLNQUg,11/6/24,4:23:14 AM,election,Elon Musk supporting Trump at Mar-a-Lago on Election Night,Daily Mail World,820785,29921,777
SBarrZ4Cp1s,11/6/24,4:24:56 AM,election,"US Presidential Election Results ‡§™‡§∞ ‡§¨‡•Ä‡§¨‡•Ä‡§∏‡•Ä ‡§π‡§ø‡§®‡•ç‡§¶‡•Ä ‡§ï‡§æ ‡§ñ‡§º‡§æ‡§∏ ‡§ï‡§æ‡§∞‡•ç‡§Ø‡§ï‡•ç‡§∞‡§Æ, ‡§Ü‡§ú ‡§∂‡§æ‡§Æ ‡§∏‡§æ‡§¢‡§º‡•á ‡§õ‡§π ‡§¨‡§ú‡•á...",BBC News Hindi,30167,0,28
AbFPHfqtG1c,11/6/24,4:28:29 AM,immigration,Sen. Ted Cruz speaks after winning re-election in Texas,NBC News,17930,548,101
BjzbEQs0j3g,11/6/24,4:33:59 AM,election,Americans in Singapore gather for US election watch party,CNA,12276,163,9
IAIM3xIyALs,11/6/24,4:35:39 AM,election,WATCH: Donald Trump arrives at his Mar-a-Lago election night party #shorts,New York Post,139608,6886,345
1stJ9agSVn0,11/6/24,4:46:17 AM,election,SOME MORE NEWS Election 2024 Livestream,Some More News,284766,7233,1025
jl7kO7WC_SM,11/6/24,4:47:16 AM,election,"LIVE 2024 Election Results: Trump vs Harris, Senate, House",David Pakman Show,1666650,20346,4927
KLUtgMneC4Y,11/6/24,4:52:26 AM,election,Trump HQ on election night,NBC News,13113,185,13
EQkC2rRlH_4,11/6/24,5:09:57 AM,election,Election Night Live Coverage: America's Vote 2024,The Hill,121416,647,157
rtJ7MP1NQTo,11/6/24,5:15:25 AM,election,The Breakfast Club x Native Land Pod | LIVE Election Night Coverage at Harris Campaign HQ,Breakfast Club Power 105.1 FM,249602,3442,1522
b3sdQpHAXic,11/6/24,5:23:45 AM,election,Awkward Moments You Missed From US Election Night 2024,On Demand News,494591,3890,969
kkcqIvui_Uo,11/6/24,5:24:19 AM,election,Decision 2024: Live Election Night coverage from battleground Pennsylvania | NBC10 Philadelphia,NBC10 Philadelphia,75757,459,5
euWFUGsC6u0,11/6/24,5:26:58 AM,election,LIVE Election Night Celebration/Meltdown - H3 Show #76,H3 Podcast,692267,12889,2166
HmR3cBb8L7E,11/6/24,5:34:14 AM,election,US Election 2024 Current Situation #uselection2024,Geo News,16661,335,9
yEiLtc_XwK0,11/6/24,5:40:35 AM,election,Breaking Points LIVE 2024 Election Coverage,Breaking Points,1723256,18850,2266
ApdedU3xdnk,11/6/24,5:43:58 AM,election,US Election 2024 Live Updates - Big Shock to Kamala - Donald Trump Ahead,Geo News,9274,139,6
XLiagIdA84c,11/6/24,5:46:04 AM,election,Jon Stewart‚Äôs Election Night Takeaway | The Daily Show,The Daily Show,5627900,138753,30648
YGITCugbyQY,11/6/24,5:56:42 AM,election,"Kamala Harris won't address supporters on Election Night, campaign chair announces",ABC News,152102,576,1627
D4Xaqgd9-Ro,11/6/24,5:58:06 AM,election,2024 Election Night Livestream with the Besties!,All-In Podcast,499290,7440,250
WSBlJ2yAvPg,11/6/24,6:00:04 AM,election,Inside Harris headquarters on election night in Washington D.C,NBC News,56772,320,409
sT5Aqj2dUKA,11/6/24,6:14:05 AM,election,üî¥ LIVE 2024 Election Night Coverage,Allan Lichtman,1408349,22209,13058
MeHRWHhPK5w,11/6/24,6:17:00 AM,election,Shorts: ‡§ü‡•ç‡§∞‡§Ç‡§™ ‡§ï‡•Ä ‡§™‡§π‡§≤‡•Ä ‡§¨‡§°‡§º‡•Ä ‡§ú‡•Ä‡§§ | US Election Results LIVE Update | Trump Wins | Kamala Harris,Zee News,27498,277,0
C04zoh7VfGM,11/6/24,6:21:01 AM,immigration,We are finally a permanent resident in Canada üá®üá¶ | #indianbloggerincanada,Indian Blogger in Canada ,177252,2933,150
MU6bS-sx_yU,11/6/24,6:21:23 AM,election,Election Night with The Free Press!,The Free Press,367061,4716,367
YTBWBXcpp78,11/6/24,6:31:08 AM,election,Kamala Harris not speaking on election night,Reuters,61365,800,0
poz4VGcJHTc,11/6/24,6:32:24 AM,election,LIVE: HARRIS TRUMP ELECTION RESULTS 2024,Philip DeFranco,1664135,22649,4077
ZjMAfRq7V_s,11/6/24,6:36:32 AM,election,Jon Stewart and The Best F**king News Team Take on Election Night 2024 | The Daily Show,The Daily Show,3861892,62716,10347
A3AXszRgX7I,11/6/24,6:41:57 AM,election,Donald Trump wins the 2024 US election,Sky News Australia,1070159,26005,8770
o3oa_uZYzJE,11/6/24,6:53:25 AM,election,Trump‚Äôs Victory is Sealed!,Valuetainment,3395265,267764,11748
Rh--XI6Edzw,11/6/24,7:00:22 AM,immigration,‡¶Æ‡¶æ‡¶≤‡¶Ø‡¶º‡ßá‡¶∂‡¶ø‡¶Ø‡¶º‡¶æ‡¶∞ ‡¶ï‡¶≤‡¶ø‡¶Ç ‡¶≠‡¶ø‡¶∏‡¶æ‡¶∞ ‡¶Ö‡¶´‡¶ø‡¶∏‡¶ø‡¶Ø‡¶º‡¶æ‡¶≤ ‡¶ò‡ßã‡¶∑‡¶£‡¶æ/Malaysia calling visa update 2024! Malaysia Replacement visa,ovizatry tours & students,23738,255,0
_01GtktqbE8,11/6/24,7:02:55 AM,election,US ELECTION WINNER CALLED,Asmongold Clips,1079280,34601,5907
2gTkZs-9-Y0,11/6/24,7:10:42 AM,election,2024 Election: Donald Trump projected to win Pennsylvania,ABC News,333422,2347,1166
JPtAKgLbufA,11/6/24,7:12:38 AM,election,Make America great again 2024! üòé #election #trump #president #motovlog #viral #reels #trending #fyp,Slavsquad,827,65,4
TLTiN1w2ykw,11/6/24,7:21:54 AM,election,US election: Trump projected to win Pennsylvania | BBC News,BBC News,70332,703,479
5koCZPh1_LA,11/6/24,7:23:02 AM,election,"The Biggest Election Night Stream: Megyn Kelly, Ben Shapiro, Russell Brand, Jordan Peterson & More",The Rubin Report,879749,20432,348
zV4nKFTTvXI,11/6/24,7:31:47 AM,election,Donald Trump projected to win critical battleground state of Pennsylvania | US Election 2024,Sky News,25089,311,88
ScrS7CTCTeM,11/6/24,7:44:20 AM,election,Latur ‡§Æ‡§ß‡•Ä‡§≤ ‡§ö‡§æ‡§Ø‡§®‡•Ä‡§ú‡§ö‡•ç‡§Ø‡§æ ‡§ó‡§æ‡§°‡•ç‡§Ø‡§æ ‡§™‡§æ‡§π‡•Ç‡§® Raj Thackeray ‡§ï‡§æ‡§Ø ‡§Æ‡•ç‡§π‡§£‡§æ‡§≤‡•á? |  Vidhan Sabha Election 2024,TV9 Marathi,16936,0,12
1IkVZkdjKpg,11/6/24,7:45:18 AM,election,Trump declares victory as election has yet to be called,CNBC Television,12208,390,53
IuXMp-M-tGs,11/6/24,7:49:29 AM,election,Donald Trump declares victory in US presidential election. #USElection #DonaldTrump #BBCNews,BBC News,78477,2976,362
gYGy-Ea7jMw,11/6/24,7:50:30 AM,election,Donald Trump Wins 2024 Election,The Young Turks,584020,13079,18688
E2MQfLuY3Ig,11/6/24,7:55:19 AM,election,Donald Trump declares victory in presidential election,Sky News,32916,1156,124
9bLB--tZRKo,11/6/24,8:00:09 AM,immigration,"""No Illegal Immigrants, No Terrorism"" - Dominik Tarczy≈Ñski PRAISES Poland‚Äôs Security",Valuetainment,317663,13016,1516
iOLud45u6wc,11/6/24,8:06:13 AM,election,üî¥ LIVE: 2024 Election Night Megastream,Red Eagle Politics,543882,15363,284
VxtZRfEKi30,11/6/24,8:06:14 AM,election,Trumps first victory speech as he wins the presidential election 2024,news.com.au,25445,929,93
6WWrsXMfKQ0,11/6/24,8:07:28 AM,election,Election Night: Dana White addresses Trump supporters,ABC News,97651,3587,437
Wklg2PcgkTQ,11/6/24,8:09:39 AM,election,Donald Trump speaks after winning the 2024 Presidential Election,Fox Business,1918665,29147,2989
uT9s4BXcv6w,11/6/24,8:09:45 AM,election,Donald Trump speaks after winning the 2024 Presidential Election,Fox News,19066664,316423,31498
q_Q4o0sMBBA,11/6/24,8:11:04 AM,election,FULL SPEECH: Trump projected winner of 2024 presidential election,FOX 5 Washington DC,1892298,25751,4942
zHkmDhdfikI,11/6/24,8:12:56 AM,election,"US election 2024 results: Trump will be next president, Republicans take control of Senate | FULL",Global News,820124,3360,426
aaEOO35DY4s,11/6/24,8:14:53 AM,election,Election Night 2024 with The Daily Wire,Michael Knowles,634979,11756,105
VEP1bDYBra4,11/6/24,8:15:50 AM,election,Election Night 2024 with The Daily Wire,DailyWire+,3306504,43289,620
il0n5S318ko,11/6/24,8:15:52 AM,election,Election Night 2024 with The Daily Wire,Matt Walsh,309711,8094,174
neGWHZydtQ4,11/6/24,8:16:43 AM,election,Election Night 2024 with The Daily Wire,Ben Shapiro,2508115,39928,530
VQXmGCEimnA,11/6/24,8:20:21 AM,election,LIVE ELECTION COVERAGE 2024: Blaze Media‚Äôs Exclusive Analysis & Results,BlazeTV,877507,25491,111
9k0bw7UbOe4,11/6/24,8:20:32 AM,election,LIVE US ELECTION 2024: Donald Trump vs Kamala Harris | 7NEWS,7NEWS Australia,1020592,4760,699
cJKtmTNf8qU,11/6/24,8:21:56 AM,election,Election Night In America | Donald Trump vs. Kamala Harris | PBD Podcast | Ep. 503,PBD Podcast,5636425,128659,2484
haqHHk5aYLA,11/6/24,8:23:17 AM,election,LIVE: Vote For America 2024 Election Night Coverage | NEWSMAX2,Newsmax,984234,13663,136
TZYiLZ2_8Z8,11/6/24,8:23:32 AM,election,"üö® LIVE Election 2024 Updates: Polls CLOSE Results Are In! Data Signal Trump Landslide, Kamala PANIC",Benny Johnson,3028075,100175,1391
ouPiGyXpYJs,11/6/24,8:24:43 AM,election,Trump speaks after Fox News projects 2024 presidential election win,FOX 5 New York,21518,1075,81
k2Sg-aS4U2c,11/6/24,8:24:52 AM,election,LIVE ELECTION Results Trump v Kamala w/The Daily Wire | Timcast IRL,Timcast IRL,2564304,82527,1597
r43lqo-nNTw,11/6/24,8:32:05 AM,election,"WATCH LIVE: Trump hosts election night watch party in West Palm Beach, Florida",PBS NewsHour,1574205,14698,0
wG_KsQ1mZN4,11/6/24,8:32:39 AM,election,2024 Election Results LIVE - Trump vs Harris,CartierFamily,704574,24854,991
k3cNq_DV91c,11/6/24,8:46:44 AM,election,Live US Election Special | #politics,Bloomberg Television,446414,2037,254
tOmZHFvJBIQ,11/6/24,8:49:50 AM,election,How US election night unfolded | BBC News,BBC News,137127,1350,532
SHhyiS1guVM,11/6/24,8:50:55 AM,election,Michael Knowles Instant Election REACTION,Michael Knowles,479936,37456,3631
hoDW6zteXQw,11/6/24,8:51:07 AM,election,US election results: Donald Trump declares 'magnificent victory' | BBC News India,BBC News India,17248,667,37
AMwSOA1YtqU,11/6/24,8:51:59 AM,election,Black Votes Matter Election Night 2024 | #BlackStarNetwork #RolandMartinUnfiltered,Roland S. Martin,294466,6640,1472
8K_Uwsd36CE,11/6/24,9:47:21 AM,election,"Remember remember the fif of November, the black powder election.","EHonda42,000",920,55,0
Otv4TX8YW5U,11/6/24,9:54:02 AM,election,Watch live: 2024 US presidential election updates and first results | DW News,DW News,802558,3349,513
D5IdJdEIsaQ,11/6/24,9:55:12 AM,immigration,"Japan Airport Arrival Guide: Visa, Immigration & Customs Checks (Kansai)",Travelling British Guy,9239,223,19
6AyQ9-xwIUM,11/6/24,10:06:42 AM,election,US Election Night on Sky News,Sky News,2843845,11354,562
ANGnJ6LJuIk,11/6/24,10:07:44 AM,election,US election: What went wrong for Kamala Harris? | BBC News,BBC News,502877,2772,3867
NRUwzOVbjIU,11/6/24,10:09:55 AM,election,U.S. Election 2024: How did the night unfold? | ITV News,ITV News,530951,4718,1078
YZWcvbzgdS0,11/6/24,10:17:52 AM,election,The mood of Harris supporters on election night,CNN,302882,8771,5320
AU9Lh4BErPw,11/6/24,10:19:17 AM,election,2024 Election Livestream of the Century: The Rumble on Rumble,StevenCrowder,2186290,58554,924
RMprlMfsHAU,11/6/24,10:19:30 AM,election,Election results LIVE: AP race calls and electoral map 2024,Associated Press,13214229,36701,862
bnlG_x_4rqg,11/6/24,10:27:14 AM,election,USA VOTES: Watch live coverage of election results and analysis | ABC NEWS,ABC News (Australia),364235,1320,0
d8fuJLr9FvU,11/6/24,10:28:11 AM,election,üî¥ LIVE: Election results in the race between Donald Trump and Kamala Harris,CBC News,3834333,10810,258
C450EnxM2fM,11/6/24,10:36:29 AM,election,How Trump Defeated Harris for President: Key Election Campaign Moments | WSJ,The Wall Street Journal,1474053,21902,3647
O3nrIHumOWg,11/6/24,10:40:16 AM,election,Donald Trump wins US election in monumental political comeback,Sky News,214329,3163,1256
CayjKJ8bn8Q,11/6/24,10:42:44 AM,election,Trump's Signature Dance Step Goes Viral After Historic 2024 Election Win,Republic World,315366,0,293
TvKdeg_XYRQ,11/6/24,10:44:45 AM,election,Trump wins the 2024 election,Associated Press,74907,2583,428
sJ4C52_m69M,11/6/24,10:46:12 AM,election,"Trump wins 2024 election, defeating Biden-turned-Harris bid #Shorts",USA TODAY,15481,797,146
IF41ECQsiT0,11/6/24,10:56:59 AM,election,Donald Trump has declared victory in the 2024 US presidential election,BBC,54420,2262,188
YUsuItpdOf4,11/6/24,10:59:42 AM,election,Donald Trump wins 2024 election,MS NOW,1574854,14610,28700
5p-nQ9MmiRc,11/6/24,11:00:11 AM,conflict/war,DON'T SKIP MY CHILD #godmessage #god #jesus #conflict #bibleverse #bible #bibleverses #evil #foryou,DON'T SKIP MY CHILD,1668,506,45
QJF7vD2_bdE,11/6/24,11:00:34 AM,election,CNN Has Total Melt Down Over Election Results,Clinton Jaws,1078788,30865,11001
ySOXzZQnQ-Q,11/6/24,11:04:53 AM,election,Donald Trump wins 2024 presidential election,CNBC Television,90801,689,410
j8fV0gHFvT0,11/6/24,11:05:42 AM,election,U.S. election night in 60 secs,CBC News,447919,15961,0
H0GbloUW8OQ,11/6/24,11:05:51 AM,election,"Trump wins 2024 presidential election, CNN projects",CNN,256539,6398,1800
9olb6OvXjKg,11/6/24,11:09:22 AM,election,"Trump wins 2024 presidential election, CNN projects",CNN,1300425,10139,13307
mGSP0JZbN4M,11/6/24,11:10:40 AM,election,"Trump wins 2024 presidential election, CNN projects  #news#itvnews",ITV News,97549,1265,109
Ve6xH6KX81U,11/6/24,11:13:01 AM,election,Map: How did Trump win 2024 election? | Morning in America,NewsNation,235775,2069,763
0QLZB6djGAA,11/6/24,11:20:05 AM,election,"LIVE election results, analysis",ABC 7 Chicago,2725027,8176,1556
LS8amqeDbS8,11/6/24,11:30:07 AM,election,"Trump wins 2024 presidential election, CBS News projects | full coverage",CBS News,5545257,16429,1599
UFiLqB-hLVY,11/6/24,11:45:46 AM,election,NBC News projects Donald Trump wins U.S. presidency in historic re-election,NBC News,471363,3448,2136
UUTjAisScAU,11/6/24,12:00:39 PM,election,The People Cheering For Trump's Assassination Lost The Election #shorts  #election,Timcast IRL,36298,3151,91
YGTciDoL89s,11/6/24,12:01:49 PM,election,How Donald Trump won the 2024 Presidential Election,WTVR CBS 6,260849,2298,0
eFCiva4m3Zk,11/6/24,12:04:18 PM,election,WATCH LIVE: Donald Trump wins 2024 presidential election | NBC News Now,NBC News,17421926,54706,3225
2APwMcn5Sb4,11/6/24,12:15:00 PM,conflict/war,ONIONS can help with conflict analysis!,Youth for Peace International,46,0,0
efWiDCHSwNY,11/6/24,12:27:23 PM,election,Watch the moment the AP called the 2024 election for Trump,Associated Press,339634,5682,576
fIruxVuHNfI,11/6/24,12:29:41 PM,immigration,How Trump's Presidency Changed Immigration Forever,USA Visa & Immigration,2735,0,2
o8gexJ_UWXM,11/6/24,12:30:41 PM,conflict/war,What does Trump's election mean for China? #podcast #conflict #election2024 #stockmarket  #trump,Capital Horizons - The Podcast,528,3,0
cGCTKzX-z_g,11/6/24,12:45:06 PM,election,Muzaffarnagar lok Sabha Election 2024 result constitution Wise. #muzaffarnagar #loksabha #election,Election Guru,65859,1039,9
MPX2TYta5is,11/6/24,12:53:19 PM,conflict/war,Structure Ky Sath Conflict Ki Bunyaadi Wajah! | Khalid Mehmood Abbasi,Nwaa Studios Shorts,1928,113,0
mbzY6ry8A78,11/6/24,12:56:05 PM,election,USA Election 2024 - Trump Meltdown Compilation (Part 1),Beauty Admirer,124673,2813,1179
YOluC3hx9Es,11/6/24,1:00:41 PM,election,Trumps WINS 38% Of California #election,Timcast IRL,197704,18939,567
dk4WBZhXz0Q,11/6/24,1:07:07 PM,election,#bramhapuri #vidhansbha #election #chandrapur #maharashtra,VijayWadettiwar,12266,421,5
vsavVIsunGg,11/6/24,1:11:30 PM,conflict/war,abyss of conflict -  L'Antica Ijigen Fes IDOLM@STER‚òÖ‚ô•Love Live! Uta Gassen,Muzuiyo,5521,80,0
Km1Dw8q98PQ,11/6/24,1:24:12 PM,election,How US networks reacted to Donald Trump's election victory,Guardian News,2458082,20326,7386
MpGnloMgf-U,11/6/24,1:31:25 PM,election,2024 Election Meltdown Compilation Liberal Tears,Bad Goy,12532,426,259
KYZX2pQM8UQ,11/6/24,1:37:23 PM,election,ITV News US Election 2024 Special - Harris v Trump: The Results,ITV News,44435,430,249
BI9IsTPbko0,11/6/24,2:00:11 PM,immigration,2 Hours Of Season 1 | Border Security America Marathon,Border Security,1401261,7837,705
l2ds1yYVuDo,11/6/24,2:00:47 PM,immigration,"Immigrants, here is why having a baby in the United States can lead to a denial of your visa!! üëÄüçº",Odunlami Law Firm LLC,35488,634,54
qVI5nC8A7J0,11/6/24,2:00:48 PM,election,Timcast Crew REACTS To Trump WINNING Presidential Election In HISTORIC MOMENT #election,Timcast IRL,27170,2948,110
v6M3kKE5Uro,11/6/24,2:01:03 PM,election,Harris v. Trump: MSNBC Highlights of Election Day 2024,MS NOW,638540,2579,3417
Cyeft5OKpcQ,11/6/24,2:09:46 PM,immigration,Trump #Presidency Expect #Denial #Deportation #Delay. - Immigration Lawyer Gail Seeram #GailLaw,Immigration Lawyer Gail Seeram #GailLaw,1313,5,0
eDWOmFA_E6U,11/6/24,2:15:06 PM,election,‡¥™‡¥æ‡¥≤‡¥ï‡µç‡¥ï‡¥æ‡¥ü‡µç ‡¥Ü‡¥∞‡µç ‡¥ú‡¥Ø‡¥ø‡¥ï‡µç‡¥ï‡µÅ‡¥Ç? ‡¥ó‡¥Ç ‡¥ì‡¥ü‡µç‡¥ü‡¥Ç ‡¥ï‡¥æ‡¥£‡¥æ‡¥Ç | Gum | Palakkad | Election,asianetnews,265702,2596,668
KIu_ujLXu6s,11/6/24,2:25:30 PM,election,An Ecstatic Donald Trump Returns To Mar-a-Lago After Winning Election,Newsweek,819152,75134,2330
4NZ6lVRzK0g,11/6/24,2:29:04 PM,election,Lefties losing it: Joy Reid still ‚Äòdelusional‚Äô after Kamala‚Äôs election loss,Sky News Australia,1939453,54892,15852
lIJBvVuk_f8,11/6/24,3:01:01 PM,election,The VIBES Are GOOD and Republicans Have Stepped Up!  #election,Timcast IRL,8924,869,16
PIhG96YzrYA,11/6/24,3:07:40 PM,election,Global reactions to the U.S. election results,NBC News,45415,622,64
JhdFW19-hj0,11/6/24,3:09:03 PM,election,Steve Kornacki breaks down Trump's election win,NBC News,21105,366,45
_ds0VikVw4k,11/6/24,3:13:35 PM,election,"2024 US election: Results, reactions and insights on Trump's win | DW News Desk",DW News,74157,481,113
b5_mWU9xzXM,11/6/24,3:15:36 PM,conflict/war,‡§®‡•á‡§§‡§®‡•ç‡§Ø‡§æ‡§π‡•Ç ‡§®‡§π‡•Ä‡§Ç ‡§õ‡•ã‡§°‡§º‡•á‡§ó‡§æ üáÆüá±üáÆüá± #benjaminnetanyahu #iran #conflict #war #trending #fighting #power,Moksha Motive Gyan,610,3,0
34catDd8jG8,11/6/24,3:26:00 PM,election,Americans react to Donald Trump's presidential election win | USA TODAY,USA TODAY,365295,4051,1821
vifCRtfl6ww,11/6/24,3:32:17 PM,election,Trump Wins: Making Sense of Election Night,New York Times Podcasts,890263,11967,5748
GdA7opgE_Y8,11/6/24,3:34:38 PM,election,Reactions to Donald Trump's decisive victory in the 2024 presidential election,KOMO News,53306,355,468
2n-UeOrg2EA,11/6/24,3:48:26 PM,election,Election Night Watch Party Gets FIRED UP For Trump's Return!,Fox Nation,32365,1571,23
EyUXxnu79r4,11/6/24,3:49:43 PM,conflict/war,"√éntr-un conflict cu partenerul, nu conteazƒÉ cine are dreptate! #podcast #couple #conflict #shorts",Curiozitate - Canal 33,864,27,0
9ixVxRbX0zE,11/6/24,3:50:33 PM,election,Steve Kornacki breaks down the 2024 election results,NBC News,706229,3918,2113
zmyhwIVRPiY,11/6/24,4:20:13 PM,election,US Election Results 2024| ‡¶¨‡¶ø‡¶∂‡ßç‡¶¨‡¶ú‡ßÅ‡¶°‡¶º‡ßá ‡¶∞‡¶æ‡¶∑‡ßç‡¶ü‡ßç‡¶∞‡¶¨‡¶æ‡¶¶‡ßá‡¶∞ ‡¶∏‡¶Æ‡¶Ø‡¶º ‡¶∂‡ßÅ‡¶∞‡ßÅ‡•§ ‡¶è‡¶ï‡ßá ‡¶è‡¶ï‡ßá ‡¶∞‡¶æ‡¶∑‡ßç‡¶ü‡ßç‡¶∞‡¶¨‡¶æ‡¶¶‡ßÄ‡¶¶‡ßá‡¶∞ ‡¶™‡ßç‡¶∞‡¶§‡ßç‡¶Ø‡¶æ‡¶¨‡¶∞‡ßç‡¶§‡¶®,Republic Bangla,1009601,9721,985
xPpkZb65oJY,11/6/24,4:54:53 PM,election,CNN's Van Jones appears on verge of tears as presidential election favors Trump,New York Post,105506,596,888
C3dwIQgGKPE,11/6/24,5:00:12 PM,election,The GREATEST Comeback in American Political History #election,Timcast IRL,9339,1106,24
7a47mnyTHUo,11/6/24,5:06:27 PM,immigration,–ò–º–º–∏–≥—Ä–∞—Ü–∏—è –≤ –°–®–ê –ï–≤—Ä–æ—Å–æ—é–∑ –∏ –ê–Ω–≥–ª–∏—é –∑–Ω–∞—á–∏—Ç–µ–ª—å–Ω–æ –ª–µ–≥—á–µ —Å –±–∞–Ω–∫–æ–≤—Å–∫–æ–π –∫–∞—Ä—Ç–æ–π –ì—Ä—É–∑–∏–∏ –¥–ª—è –≥—Ä–∞–∂–¥–∞–Ω –†–æ—Å—Å–∏–∏,–ì–†–ê–ñ–î–ê–ù–ò–ù | –û–Ω–ª–∞–π–Ω,432,0,0
RivIxJckyJY,11/6/24,5:12:14 PM,election,Govandi#govandi #mumbai #shivajinagar #election #Election2024 #mlaelection #abuasimazmi #nawabmalik,MUMBAI TV,791060,25125,413
mqxJuvka5Eo,11/6/24,5:15:44 PM,immigration,UN refugee chief says reducing refugee targets is wise if it prevents backlash,CHCH News,26370,78,128
TxFqrW6ni-4,11/6/24,5:25:39 PM,conflict/war,Failure after Failure#conflict #israel #palestine #johnmearsheimer#conflict#middleeast,Intense politics,8445,409,18
g_2fmGEORpA,11/6/24,5:34:32 PM,election,CBS News calls 2024 election for Donald Trump,NCS | NewscastStudio,77329,0,136
5wbSx4iJIi4,11/6/24,5:40:23 PM,election,ABC News calls 2024 election for Donald Trump,NCS | NewscastStudio,399620,0,570
#NAME?,11/6/24,5:45:45 PM,election,The Best Media MELTDOWNS of Trump's 2024 Election Win,TheDC Shorts,89689,3080,1407
0ePoPOAIMQA,11/6/24,5:48:28 PM,election,LIVE: EMERGENCY AM POST-ELECTION BRIEFING,MeidasTouch,1363201,104122,48132
DhSz4PusLhg,11/6/24,5:52:16 PM,election,C-SPAN's 2024 Election Night Coverage,C-SPAN,915925,3026,202
vdKLO-grDsY,11/6/24,5:52:37 PM,conflict/war,Lebanon Takes Action Against Israel Over Deadly Pager Attacks #lebanon #israel #conflict #military,The Event Report,508,15,2
3AiJqSz1HpA,11/6/24,6:00:04 PM,immigration,Legal vs. Illegal: Changes in Employment-Based Immigration After Trump‚Äôs Speech? USCIS,US Immigration Reform,28952,155,18
JoyxRw9LWiM,11/6/24,6:00:22 PM,election,Michael Knowles Gets SPECIAL GIFT During Timcast Election Special #election,Timcast IRL,35893,2408,41
lE2kQp1fj4s,11/6/24,6:10:24 PM,election,The View Has VIRAL MELTDOWN Over Trump Election Win,TheDC Shorts,55983,1870,1409
o7CceyUFwwc,11/6/24,6:11:36 PM,election,USA! Voters Celebrate at Fox Nation's Election Watch Party,Fox Nation,98658,4867,110
LZ9nKIlUt6Q,11/6/24,6:30:14 PM,immigration,IMMIGRANT SONG (DRUMAS) |  SONG COVER BY @ethanharbdrums X B4U MUSIC PVT #offshoremusic,B4U MUSIC PVT ,11547823,0,3164
WE4JQkzfh0s,11/6/24,6:37:38 PM,election,Draft from yesterday ü•≤üíô#gdwm #grwm #election2024 #election,Lean Ortiz,8188845,529768,8400
NjG-NIRWnU0,11/6/24,6:40:45 PM,election,Trump Wins The Election LIVE REACTION AND AFTERMATH,Destiny,500764,6909,5975
X8PGglA-Yz4,11/6/24,6:42:30 PM,election,How Trump captured Pennsylvania to win 2024 presidential election #shorts,Face the Nation,17747,319,19
uxQKGcfF8gU,11/6/24,6:45:15 PM,election,How has the UK reacted to Donald Trump's election victory? #shorts,The Independent,128707,2003,1627
R6NyIRVY4Zo,11/6/24,6:45:24 PM,conflict/war,The Irony#conflict #israel #history #palestine #middleeast #mehdihassan,Intense politics,3006,50,6
9Q4Eoh9m48g,11/6/24,6:49:36 PM,conflict/war,The RISSA Framework: Choose Your Arguments Wisely#debate #communication #conflict #wisdom #skills,clipperPenguin,519,3,0
UrL_A2ff3-k,11/6/24,6:59:32 PM,conflict/war,Respect Amidst Conflict: Trump and Hillary's Unexpected Admiration,Sandid-Fro Informative,5944,65,2
MfdsTlg2HoI,11/6/24,7:00:12 PM,conflict/war,Power and conflict poetry revision ‚õîÔ∏è Part 2,The Lightup Hub,2567,84,0
gNqgeLdot20,11/6/24,7:00:21 PM,election,HIGHLIGHTS: Best Election Night Analysis by Glenn Beck & BlazeTV Hosts,BlazeTV,18307,1445,113
g_XcokkMkVo,11/6/24,7:00:24 PM,election,Key Takeaways of the 2024 US Election,Bloomberg News,12300,274,6
woOXa1KHTZE,11/6/24,7:13:28 PM,election,WATCH: Election 2024 | PBS News special coverage,PBS NewsHour,225567,1173,0
Id4jLxr4h0Y,11/6/24,7:32:46 PM,election,FULL SPEECH: Trump declares victory in 2024 presidential election,ABC News,124430,1541,640
KkPqtJ2BycA,11/6/24,7:39:17 PM,election,Donald Trump wins 2024 US election | Sky News coverage,Sky News,1777380,11288,331
#NAME?,11/6/24,7:44:49 PM,election,The moment CBS News projected Trump's 2024 election win #shorts,CBS News,32711,661,71
ylkD0a-Z8cE,11/6/24,7:59:59 PM,election,New Yorkers react to presidential election outcome,FOX 5 New York,79257,3262,322
BMj2yGiAgKE,11/6/24,8:02:17 PM,election,Kamala Harris supporters react to election day defeat,Channel 4 News,24816,546,493
zNmpBvHMXXA,11/6/24,8:15:01 PM,election,World leaders react to Trump's election win,Associated Press,48709,1586,87
88s00F-BOvQ,11/6/24,8:20:21 PM,immigration,Dropping off illegal immigrants at rich liberal :D,BiGBrainNEWS,2367,30,4
TDmOF7gwTYs,11/6/24,8:22:41 PM,election,Donald Trump wins US election 2024,K24TV,59,0,0
4t_h_uG2D7g,11/6/24,8:30:00 PM,election,Death Note but it's the 2024 US Election Results,KoreanSwede,951091,72711,2940
ci5NLT6ZiKc,11/6/24,8:40:13 PM,election,US Election Livestream: The Next President Of The United States,The Rest Is Politics,282423,3716,596
RaO0qFgl-yU,11/6/24,8:45:01 PM,election,How the ‚Äòbro vote‚Äô helped Trump,NBC News,22176,362,120
MvA_RCD947w,11/6/24,9:00:12 PM,immigration,Trump-Vance Admin Must Act on Day One,Federation for American Immigration Reform,694,137,8
_2Ul8tLrqlg,11/6/24,9:00:21 PM,election,McConnell Says US Election Results Are a ‚ÄòHappy Day for the GOP‚Äô,Bloomberg News,24867,319,148
mIDLJnKesQM,11/6/24,9:12:43 PM,election,"""Total Electoral BLOODBATH"" Donald Trump DEFEATS Kamala Harris!",Piers Morgan Uncensored,5110313,91149,31515
Z3PXv0sD-CQ,11/6/24,9:14:46 PM,immigration,Trump‚Äôs tariff and immigration policies could ‚Äòincrease inflation‚Äô #shorts,Yahoo Finance,9569,117,18
#NAME?,11/6/24,9:15:00 PM,election,Jake Tapper‚Äôs stunned reaction goes viral after Harris failed to outperform Biden in a single state,New York Post,373780,12906,821
IIq1a0AXF4E,11/6/24,9:25:05 PM,immigration,How Trump‚Äôs immigration policy is a ‚Äòreal risk‚Äô to the labor market: Economist #shorts,Yahoo Finance,3205,54,7
Lwn4IkcIC_4,11/6/24,9:26:28 PM,election,Will.I.Am. Cringe Pro Kamala Song REACTION | Election Night Highlights,The Misfit Nation,1177,28,11
AH3E_sg8OAI,11/6/24,9:29:56 PM,immigration,Trump's immigration promises for second presidential term,CBS News,33964,208,193
tpnFXTTYrzM,11/6/24,9:37:00 PM,election,The Election Meltdown Is Real,Asmongold TV  ,3777871,136148,35285
E3UVZkgRfU8,11/6/24,9:42:22 PM,election,Kamala Harris delivers concession speech after election loss,ABC News,589443,24536,4494
sLd95ygtojc,11/6/24,9:56:59 PM,election,WATCH: Moment AP called the 2024 election for Donald Trump,Associated Press,23609,248,73
uhIa7rfvNL4,11/6/24,10:05:12 PM,election,FULL SPEECH: Kamala Harris addresses nation after conceding election to Donald Trump,ABC News,2509255,33200,21022
2Rn3q2tyDCo,11/6/24,10:08:12 PM,election,How The View Reacted to Donald Trump's Election Win,Entertainment Tonight,154370,802,1421
u1ap4lFwUIU,11/6/24,10:10:07 PM,election,Top Election Meltdowns (SATISFYING) #Viral #Shorts,Bulls On Wall Street,70102,2404,537
qYg4uuCrWEM,11/6/24,10:11:15 PM,election,Kamala Harris delivers a concession speech after losing the election to Trump,CNBC Television,30701,325,404
HKbMikfTj7w,11/6/24,10:15:00 PM,election,How the call for Trump was made: Bret & Martha recap Election Night,Fox News,614363,7109,955
t3aejtpBV4E,11/6/24,10:15:44 PM,conflict/war,"""Israel vs Palestine: A Complex Conflict"" #shortvideo #youtube #youtuber #ytshorts #youtubeshorts",Historical Echoes ,518,13,3
ynwgbuYXyjA,11/6/24,10:28:39 PM,election,Analysis: Breaking down the vote | US Election 2024,Sky News,18175,147,27
M-GXYpyYXSc,11/6/24,10:53:19 PM,immigration,"NC Trump voters cite economy, immigration, faith for support",WLOS News 13,3397,207,36
jVlBoC1TbZ4,11/6/24,10:53:56 PM,election,How Donald Trump Defeated Kamala Harris in the 2024 Presidential Election,Pod Save America,875923,20319,14908
HAQ13r9HREA,11/6/24,11:01:42 PM,election,Watch all the media meltdowns from Donald Trump‚Äôs election win over Kamala Harris,Page Six,355680,2565,1919
t9J5ighD9Ek,11/6/24,11:14:41 PM,immigration,These Illegal Immigrants Broke 6 Laws in 2 Minutes...,Beyond Evil Stories,11360,551,13
uRakC_Xd_jI,11/6/24,11:31:07 PM,election,The Salt Mines Are Open (2024 Election Meltdowns),"I,Hypocrite",970716,23570,6653
woCTR--uvFM,11/6/24,11:38:27 PM,election,The exact moment Trump won the election | About That,CBC News,5043899,57012,0
RHmyyiJgtc4,11/6/24,11:48:22 PM,election,Seth Meyers Addresses the Outcome of the 2024 Presidential Election,Late Night with Seth Meyers,1645254,45459,7524
nT5WZ0b4chU,11/6/24,11:49:36 PM,election,CNN 2024 Election Night - Highlights - This Is Priceless!,Clinton Jaws,6772665,104701,29544